{
  "noise_k": 0.0010522555225351779,
  "noise_b": 1.1974121984183764e-06,
  "cvt_a": [
    0.9591901856090995,
    -2.031408748515208
  ],
  "cvt_b": [
    0.2516944967480727,
    -0.8896389332530115
  ],
  "crops": {
    "flat": {
      "at": [
        5352,
        1088
      ],
      "sigma_noisy": 0.0016342714661732316,
      "sigma_a": 0.000676708878017962,
      "sigma_b": 0.00017733914137352258,
      "reduction_a_pct": 58.592627233312335,
      "reduction_b_pct": 89.14873415805421
    },
    "detail": {
      "at": [
        5324,
        4344
      ],
      "sigma_noisy": 0.002303404500707984,
      "sigma_a": 0.0011394292814657092,
      "sigma_b": 0.0002906977606471628,
      "reduction_a_pct": 50.53281865536472,
      "reduction_b_pct": 87.37964779708416
    }
  }
}